{
  "contract_label": "3.1.0-row-major",
  "host": {
    "platform": "darwin",
    "cpu": "Apple M2 Max",
    "wasmtime": "wasmtime 46.0.1 (823d1b8f2 2026-06-24)"
  },
  "aggregate": {
    "geomean_ratio_wasm_over_native": 2.3070578447836945,
    "geomean_overhead_pct": 130.70578447836945,
    "n_workloads": 2
  },
  "workloads": [
    {
      "id": "aba_validate_1m",
      "category": "a. dispatch-bound scalar",
      "extension": "aba",
      "rows": 1000000,
      "native": {
        "k_values": [
          0,
          20,
          40,
          80
        ],
        "median_wall_ms": {
          "0": 243.32958299783058,
          "20": 3698.282500001369,
          "40": 7192.174895491917,
          "80": 14063.540853996528
        },
        "slope_ms_per_query": 172.80841142924535,
        "fixed_cost_ms": 251.0375580983233,
        "r2": 0.9999893166817175,
        "rep_slopes_ms": [
          172.65293334007896,
          172.96388951841178
        ],
        "slope_ms_median": 172.80841142924538,
        "slope_ms_p25": 172.65293334007896,
        "slope_ms_p75": 172.96388951841178,
        "internal_ms_per_query_at_kmax": 172.7521908875
      },
      "wasm": {
        "k_values": [
          0,
          20,
          40,
          80
        ],
        "median_wall_ms": {
          "0": 801.1969580111327,
          "20": 8108.799604509841,
          "40": 15492.148271005135,
          "80": 30030.970520499977
        },
        "slope_ms_per_query": 365.48015062271065,
        "fixed_cost_ms": 816.4735667116485,
        "r2": 0.9999908185364271,
        "rep_slopes_ms": [
          361.5543745801135,
          369.4059266653078
        ],
        "slope_ms_median": 365.48015062271065,
        "slope_ms_p25": 361.5543745801135,
        "slope_ms_p75": 369.4059266653078
      },
      "ratio_wasm_over_native": 2.114944218281601,
      "overhead_pct": 111.49442182816011,
      "native_rows_per_s": 5786755.353685083,
      "wasm_rows_per_s": 2736126.7042715857,
      "min_r2": 0.9999893166817175
    },
    {
      "id": "fnv1a_64_1m",
      "category": "b. light-compute scalar",
      "extension": "checksums",
      "rows": 1000000,
      "native": {
        "k_values": [
          0,
          20,
          40,
          80
        ],
        "median_wall_ms": {
          "0": 370.36381250072736,
          "20": 3785.1658539875643,
          "40": 7178.165187491686,
          "80": 13847.13754200493
        },
        "slope_ms_per_query": 168.3633697372404,
        "fixed_cost_ms": 402.4901581928129,
        "r2": 0.9999641337654607,
        "rep_slopes_ms": [
          167.88833268976305,
          168.83840678471773
        ],
        "slope_ms_median": 168.3633697372404,
        "slope_ms_p25": 167.88833268976305,
        "slope_ms_p75": 168.83840678471773,
        "internal_ms_per_query_at_kmax": 168.79845078124998
      },
      "wasm": {
        "k_values": [
          0,
          20,
          40,
          80
        ],
        "median_wall_ms": {
          "0": 931.1920414911583,
          "20": 8338.568687497173,
          "40": 16057.193499989808,
          "80": 34674.64120850491
        },
        "slope_ms_per_query": 423.70702003372054,
        "fixed_cost_ms": 170.65315819054305,
        "r2": 0.9965608239157336,
        "rep_slopes_ms": [
          371.9550465518426,
          475.4589935155984
        ],
        "slope_ms_median": 423.7070200337205,
        "slope_ms_p25": 371.9550465518426,
        "slope_ms_p75": 475.4589935155984
      },
      "ratio_wasm_over_native": 2.516622354939719,
      "overhead_pct": 151.66223549397188,
      "native_rows_per_s": 5939534.244061934,
      "wasm_rows_per_s": 2360121.387463478,
      "min_r2": 0.9965608239157336
    }
  ]
}